order_number,name,comment,icon
31123507,heavenshell,,true
31123816,Kento Ogta,Vim,true
31126048,blami,:help!,true
31140933,yasunori,,true
31140933,yasunori,,true
31142627,Tetsuya Ito,,
31142627,Tetsuya Ito,,
31143989,yasu-n,,
31197376,nakazye,"",true
31197376,nakazye,"",true
31197376,nakazye,"",true
31308297,kesoji,"",true
31308297,kesoji,"",true
31428416,conao3,"",true
31861012,mikoto2000,やっていき,true
31968223,msfukui,"",true
32030428,yoshitia,"今年もいけないので個人スポンサーで
(´；ω；｀)",true
32030875,Tsuyoshi CHO,"",true
32362837,たけてぃ,"",true
32363189,たけてぃ,"",true
32363380,たけてぃ,"",true
32384810,skudo_xx,"",true
32507629,micheam,"",true
32576580,youxkei,:vim:,true
